_id,title,slug,img,imgDouble,city,logo,logoPreview,client,priceMin,priceMax,areaMin,areaMax,areaLandMin,areaLandMax,flats,flatsBuilt,flatsBooking,flatsFurniture,flatsFinishing,flatsView,projectClass,complexClass,kind,geo,rooms,deliveryDateMin,deliveryDateMax,finishing,flatsFeatures,percentSold,floors,propertyTypes,corpusCount,options,labels,travel,previewText,logoPreviewWidth,coverImg._id,coverImg.src,coverImgMobile._id,coverImgMobile.src,coverVideo,yearDelivery
6617a125ea8d092b821fffa0,Amber City,amber-city,https://fsk-uploads.hb.bizmrg.com/production/1726146895853-feee9edc8af1a8b31733998597fd189b.jpg,https://fsk-uploads.hb.bizmrg.com/production/1726146665482-feee9edc8af1a8b31733998597fd189b.jpg,1,https://fsk-uploads.hb.bizmrg.com/production/1721653849783-61c25f6d293b98f16ee6d0ba571045ed.png,https://fsk-uploads.hb.bizmrg.com/production/1726653287687-3af8c84c126293e812237399edabd332.svg,['FSK'],18781963,76290230,28.2,103.1,0.0,0.0,207,0,207,0,811,26,3,3,['LIVING'],"[37.535723, 55.76943]","[0, 1, 2, 3, 4]",2027-09-29T21:00:00.000Z,2028-06-29T21:00:00.000Z,"[0, 1, 3]",[],0,"[40, 46, 57]","[0, 7]",2,"['SHOW_TRAITS', 'FLAT_GROUPS']","[{'title': 'Скидки до 30%', 'color': '#E94200FF', 'link': ''}, {'title': 'Рассрочка 0% ', 'color': '#E94200FF', 'link': ''}, {'title': 'Премиум-класс', 'color': '#2E2E31FF', 'link': ''}]","[{'_id': '67ab3c22bcd5135b9c25a8f3', 'from': [{'_id': '649ac7546069a0ab9bbf46aa', 'title': 'Беговая', 'color': '#943E90', 'geo': [37.545518, 55.773505], 'kind': 'SUBWAY'}], 'foot': 5, 'auto': 0, 'subway': 0, 'km': 0}, {'_id': '67ab3c22bcd5135b9c25a8f4', 'from': [{'_id': '64907541282a836e56fb59c4', 'title': ' ТТК', 'color': '!1976D2FF', 'kind': 'RING'}], 'foot': 0, 'auto': 5, 'subway': 0, 'km': 1}, {'_id': '67ab3c22bcd5135b9c25a8f5', 'from': [{'_id': '649ac7556069a0ab9bbf47ab', 'title': 'ЦЕНТР', 'color': '#', 'kind': 'CENTER'}], 'foot': 0, 'auto': 10, 'subway': 0, 'km': 4}]",,324.0,67ab3c22bcd5135b9c25a8de,https://fsk-uploads.hb.bizmrg.com/production/1726822241384-c3a39fb0b12ce226b5cf4d6ed8f72b89.png,67ab3c22bcd5135b9c25a8df,https://fsk-uploads.hb.bizmrg.com/production/1726822192571-b827cbcb749b28ef859ba4329f9f78e1.png,,
617fcce8cb6cdb47614a7a12,Sky Garden,skygarden,https://fsk-uploads.hb.bizmrg.com/production/1734706979898-d8c6c7133a792aefdf27f6de987494c3.jpg,https://fsk-uploads.hb.bizmrg.com/production/1734706676567-8793dd5ca6f3fab32c37cb8d186e3796.jpg,1,https://fsk-uploads.hb.bizmrg.com/production/61b9d35dd75a4_4f5103e846331866f578a8c51fde7196.png,https://fsk-uploads.hb.bizmrg.com/production/1726651892546-ad93097a70b4a88f4ec41382a00d84dc.svg,['FSK'],14430920,39947408,29.1,116.4,0.0,0.0,369,0,365,0,2476,131,2,2,"['COMMERCE', 'LIVING']","[37.42309841370899, 55.83607765044901]","[0, 1, 2, 3, 4]",2025-06-29T21:00:00.000Z,2027-06-29T21:00:00.000Z,"[0, 1, 3]","[{'title': 'Студия с большой ванной комнатой'}, {'title': 'Студия'}, {'title': 'Квартира европейского формата'}, {'title': 'Квартира с большой ванной комнатой'}, {'title': 'Квартира с ориентацией на 2 стороны света'}, {'title': 'Квартира с увеличенным числом окон'}, {'title': 'Квартира с мастер-спальней'}]",0,"[23, 26, 27, 28, 29, 30, 31, 43, 44]","[0, 7]",3,"['FLAT_GROUPS', 'LP_VIEW', 'SHOW_TRAITS']","[{'title': 'Скидки 25% ', 'color': '#E94200FF', 'link': ''}, {'title': 'Рассрочка 0% ', 'color': '#E94200FF', 'link': ''}, {'title': 'Бизнес-класс', 'color': '#2E2E31FF', 'link': ''}]","[{'_id': '67c5ca2888041fd553264d09', 'from': [{'_id': '64907d3d282a836e56fdb272', 'title': 'Тушинская', 'color': '#943E90', 'geo': [37.437024, 55.825479], 'kind': 'SUBWAY'}], 'foot': 15, 'auto': 0, 'subway': 0, 'km': 0}, {'_id': '67c5ca2888041fd553264d0a', 'from': [{'_id': '64907541282a836e56fb59c4', 'title': ' ТТК', 'color': '!1976D2FF', 'kind': 'RING'}], 'foot': 0, 'auto': 16, 'subway': 0, 'km': 12}, {'_id': '67c5ca2888041fd553264d0b', 'from': [{'_id': '649ac7556069a0ab9bbf47ab', 'title': 'ЦЕНТР', 'color': '#', 'kind': 'CENTER'}], 'foot': 0, 'auto': 20, 'subway': 0, 'km': 15}]",,228.0,67c5ca2888041fd553264cef,https://fsk-uploads.hb.bizmrg.com/production/1734706686225-8793dd5ca6f3fab32c37cb8d186e3796.jpg,67c5ca2888041fd553264cf0,https://fsk-uploads.hb.bizmrg.com/production/1734707017507-d8c6c7133a792aefdf27f6de987494c3.jpg,,
62f3bd1b9d21ccb1f32d1c0e,Движение. Говорово,dvizhenie-govorovo,https://fsk-uploads.hb.bizmrg.com/production/1735146837142-7c496cc23bc437b6c088011f577cbfe3.jpg,https://fsk-uploads.hb.bizmrg.com/production/62f4e9b30b4d9_dea7f58cd09e80bf8f907ee4308c3642.jpg,1,https://fsk-uploads.hb.bizmrg.com/production/62f4f147bd856_b7837f0f1d33d9e5f3da972022f56eca.png,https://fsk-uploads.hb.bizmrg.com/production/1726652398192-728e72ad9258cd548aa512337abf8aeb.svg,['FSK'],5818731,18151429,22.94,84.0,0.0,0.0,434,0,433,1317,1596,29,1,1,['LIVING'],"[37.44161256649592, 55.65200803753957]","[0, 1, 2, 3]",2025-06-29T21:00:00.000Z,2025-06-29T21:00:00.000Z,"[0, 1, 3]","[{'title': 'Студия'}, {'title': 'Апартаменты'}, {'title': 'Апартаменты с увеличенным количеством окон'}, {'title': 'Апартаменты с террасой'}, {'title': 'Апартаменты с гардеробной'}, {'title': 'Апартаменты с ориентацией на 2 стороны света'}, {'title': 'Апартаменты с угловым окном'}]",0,[15],"[5, 7]",2,"['FLAT_GROUPS', 'LP_VIEW', 'EXPORT_AS_APARTMENT', 'SHOW_TRAITS']","[{'title': 'Скидки 25%', 'color': '#E94200', 'link': ''}, {'title': 'Рассрочка 0%', 'color': '#E94200FF', 'link': ''}, {'title': 'Юго-Запад Москвы', 'color': '#2E2E31', 'link': ''}]","[{'_id': '67c1938c66de13683841d3fc', 'from': [{'_id': '6490a0a1282a836e560688a1', 'title': 'Говорово', 'color': '#FFCD1C', 'kind': 'SUBWAY'}], 'foot': 25, 'auto': 0, 'subway': 0, 'km': 0}, {'_id': '67c1938c66de13683841d3fd', 'from': [{'_id': '649ac7546069a0ab9bbf4601', 'title': 'Тропарево', 'color': '#E42313', 'geo': [37.4725, 55.6459], 'kind': 'SUBWAY'}], 'foot': 0, 'auto': 7, 'subway': 0, 'km': 0}, {'_id': '67c1938c66de13683841d3fe', 'from': [{'_id': '649ac7546069a0ab9bbf45bf', 'title': 'Теплый Стан', 'color': '#F07E24', 'geo': [37.505912, 55.61873], 'kind': 'SUBWAY'}], 'foot': 0, 'auto': 12, 'subway': 0, 'km': 0}, {'_id': '67c1938c66de13683841d3ff', 'from': [{'_id': '64907541282a836e56fb59c4', 'title': ' ТТК', 'color': '!1976D2FF', 'kind': 'RING'}], 'foot': 0, 'auto': 20, 'subway': 0, 'km': 13}, {'_id': '67c1938c66de13683841d400', 'from': [{'_id': '649ac7556069a0ab9bbf47ab', 'title': 'ЦЕНТР', 'color': '#', 'kind': 'CENTER'}], 'foot': 0, 'auto': 24, 'subway': 0, 'km': 16}]",,316.0,67c1938c66de13683841d3e1,https://fsk-uploads.hb.bizmrg.com/production/1726817465719-7b7d0664d865e41c12f28c1bfe04f12d.jpg,67c1938c66de13683841d3e2,https://fsk-uploads.hb.bizmrg.com/production/1726818998991-ef22947bc238a7ea6d6ec7fa986547d0.png,,
6050c6c4cb6cdb4761623fa1,Sydney City,sydney-city,https://fsk-uploads.hb.bizmrg.com/production/616993a36814c_a0d4bf87c096de61370ca273ede526cd.png,https://fsk-uploads.hb.bizmrg.com/production/5fb6531a99072_46c53e63fe0497469401e8704121f959.jpg,1,https://fsk-uploads.hb.bizmrg.com/production/6007ffd59ba65_789486acd77d93ac36c3dee356184877.png,https://fsk-uploads.hb.bizmrg.com/production/1726650855339-130164d07c93c36300df95e8e4e2c884.svg,['FSK'],16845785,145624040,29.1,164.5,0.0,0.0,381,138,380,0,2503,117,3,3,"['COMMERCE', 'LIVING']","[37.50958906889311, 55.76482455784139]","[0, 1, 2, 3, 4, 5, 6]",2023-06-27T21:00:00.000Z,2027-09-29T21:00:00.000Z,"[0, 1, 3]","[{'title': 'Квартира европейского формата'}, {'title': 'Квартира с большой ванной комнатой'}, {'title': 'Квартира с мастер-спальней'}, {'title': 'Квартира с панорамным остеклением'}, {'title': 'Квартира с увеличенным числом окон'}, {'title': 'Квартира с французским остеклением'}, {'title': 'Квартира с окном в ванной'}, {'title': 'Студия'}, {'title': 'Двухуровневая квартира европейского формата'}, {'title': 'Квартира с мастер-блоком'}, {'title': 'Двухуровневая квартира с французским и панорамным остеклением'}, {'title': 'Студия с французским остеклением'}, {'title': 'Квартира европейского формата с французским и панорамным остеклением'}, {'title': 'Двухуровневая квартира'}, {'title': 'Квартира с французским и панорамным остеклением'}, {'title': 'Двухуровневя квартира европейского формата с французским остеклением'}]",0,"[20, 23, 24, 26, 27, 28, 29, 42, 43, 44, 8]","[0, 7]",12,"['FLAT_GROUPS', 'GENPLAN_VISUAL', 'LP_VIEW', 'SHOW_TRAITS']","[{'title': 'Скидки до 28%', 'color': '#e94200', 'link': ''}, {'title': 'Рассрочка 0%', 'color': '#2e2e31', 'link': ''}]","[{'_id': '67c5e1832eaf379083abc0c5', 'from': [{'_id': '649074ea282a836e56fb490f', 'title': 'Звенигородская(2025)', 'color': '#1B2B38', 'kind': 'SUBWAY'}], 'foot': 2, 'auto': 0, 'subway': 0, 'km': 0}, {'_id': '67c5e1832eaf379083abc0c6', 'from': [{'_id': '649ac7536069a0ab9bbf4526', 'title': 'Шелепиха', 'color': '#88CDCF', 'geo': [37.52571, 55.75723], 'kind': 'SUBWAY'}], 'foot': 15, 'auto': 0, 'subway': 0, 'km': 0}, {'_id': '67c5e1832eaf379083abc0c7', 'from': [{'_id': '64907541282a836e56fb59c4', 'title': ' ТТК', 'color': '!1976D2FF', 'kind': 'RING'}], 'foot': 0, 'auto': 6, 'subway': 0, 'km': 3}, {'_id': '67c5e1832eaf379083abc0c8', 'from': [{'_id': '649ac7556069a0ab9bbf47ab', 'title': 'ЦЕНТР', 'color': '#', 'kind': 'CENTER'}], 'foot': 0, 'auto': 12, 'subway': 0, 'km': 6}]",,216.0,67c5e1832eaf379083abc104,https://fsk-uploads.hb.bizmrg.com/production/1726819732526-b5bdaccc7ec0f73d11b1497c01fb28e6.jpg,67c5e1832eaf379083abc103,https://fsk-uploads.hb.bizmrg.com/production/1726819715789-3503bf310a54987551ac0fd6195e9496.png,,
617f93f4cb6cdb47614344f4,Rotterdam,rotterdam,https://fsk-uploads.hb.bizmrg.com/production/62b5b50844792_c702c0d82fae4bfec6e89da9cbe30b44.jpg,https://fsk-uploads.hb.bizmrg.com/production/62b5b508620e0_ce4c9fb0d0814bd68d3f9c336445e42b.jpg,1,https://fsk-uploads.hb.bizmrg.com/production/61a8bbee93a3a_580ad96ead926463b5bb52960c71306d.png,https://fsk-uploads.hb.bizmrg.com/production/1726651707946-332a435781ddbba3c9bf6c7c23eadf45.svg,['FSK'],18424907,77785015,27.0,143.8,0.0,0.0,100,0,99,0,611,21,2,2,"['COMMERCE', 'LIVING']","[37.625336484130834, 55.68620109368187]","[0, 1, 2, 3, 4, 5]",2025-04-29T21:00:00.000Z,2025-06-29T21:00:00.000Z,"[0, 1, 3]","[{'title': 'Квартира с мастер-спальней'}, {'title': 'Квартира с окном в ванной'}, {'title': 'Квартира с ориентацией на 3 стороны света'}, {'title': 'Квартира европейского формата'}, {'title': 'Квартира с большой ванной комнатой'}, {'title': 'Квартира с террасой'}, {'title': 'Студия'}, {'title': 'Студия с большой ванной комнатой'}, {'title': 'Квартира с увеличенным числом окон'}, {'title': 'Квартира с ориентацией на 2 стороны света'}]",0,"[20, 28, 29]","[0, 7]",5,"['FLAT_GROUPS', 'LP_VIEW', 'SHOW_TRAITS']","[{'title': 'Скидки до 25%', 'color': '#E94200FF', 'link': ''}, {'title': 'Бизнес-класс', 'color': '#2E2E31', 'link': ''}, {'title': 'Рассрочка 0%', 'color': '#2E2E31FF', 'link': ''}]","[{'_id': '67c5c191fcdbd900999fe54e', 'from': [{'_id': '6490a211282a836e5606e62d', 'title': 'м. Нагатинская', 'color': '#ADACAC', 'geo': [37.620917, 55.682099], 'kind': 'SUBWAY'}], 'foot': 3, 'auto': 0, 'subway': 0, 'km': 0}, {'_id': '67c5c191fcdbd900999fe54f', 'from': [{'_id': '64907541282a836e56fb59c4', 'title': ' ТТК', 'color': '!1976D2FF', 'kind': 'RING'}], 'foot': 0, 'auto': 5, 'subway': 0, 'km': 2}, {'_id': '67c5c191fcdbd900999fe550', 'from': [{'_id': '649ac7556069a0ab9bbf47ab', 'title': 'ЦЕНТР', 'color': '#', 'kind': 'CENTER'}], 'foot': 0, 'auto': 10, 'subway': 0, 'km': 5}, {'_id': '67c5c191fcdbd900999fe551', 'from': [{'_id': '6786094574c3f3176bccb991', 'title': 'МЦК Верхние котлы', 'color': '#88CDCF', 'kind': 'RAILWAY'}], 'foot': 8, 'auto': 0, 'subway': 0, 'km': 0}, {'_id': '67c5c191fcdbd900999fe552', 'from': [{'_id': '67860a024a3a8b7608b14a95', 'title': 'причал Нагатинский', 'color': '#006DA8', 'kind': 'RAILWAY'}], 'foot': 5, 'auto': 0, 'subway': 0, 'km': 0}]",,328.0,67c5c191fcdbd900999fe579,https://fsk-uploads.hb.bizmrg.com/production/1709567255399-bd0ed1d08523786b15074caa4c8619dd.jpg,67c5c191fcdbd900999fe57a,https://fsk-uploads.hb.bizmrg.com/production/1726754039892-aae6a73ec143146f2df219f9f2b11a3a.jpg,,
636ce8f7f459625c9efe72ad,The LAKE,the-lake,https://fsk-uploads.hb.bizmrg.com/production/1716280586030-99835b258d4a937807dad2babbe4083a.png,https://fsk-uploads.hb.bizmrg.com/production/637233547b3e6_8e2f3206caf7951b5b27b6fd249d9a02.png,1,https://fsk-uploads.hb.bizmrg.com/production/1699012869257-e675bf10017d248c42a2b5e75f1523f3.png,https://fsk-uploads.hb.bizmrg.com/production/1726561547373-5082c61153a132c70e44eb9eede8747f.svg,['FSK'],31735781,62539500,48.7,99.9,0.0,0.0,18,0,18,0,32,9,3,3,['LIVING'],"[37.648632712662064, 55.85192627707324]","[1, 2, 3, 4]",2025-06-29T21:00:00.000Z,2025-06-29T21:00:00.000Z,[0],[],0,"[10, 16]",[0],1,"['FLAT_GROUPS', 'LP_VIEW', 'SHOW_TRAITS']","[{'title': 'Рассрочка 0%', 'color': '#E94200FF', 'link': ''}, {'title': 'Скидки 30%', 'color': '#E94200FF', 'link': ''}, {'title': 'Клубный дом', 'color': '#2E2E31FF', 'link': ''}]","[{'_id': '67c556ccd3b4b8f8981a2cef', 'from': [{'_id': '6490a3fe282a836e56076e4f', 'title': 'Ботанический сад', 'color': '#F9BCD1', 'geo': [37.640278, 55.845556], 'kind': 'SUBWAY'}], 'foot': 11, 'auto': 0, 'subway': 0, 'km': 0}, {'_id': '67c556ccd3b4b8f8981a2cf0', 'from': [{'_id': '649ac7546069a0ab9bbf458e', 'title': 'Свиблово', 'color': '#F07E24', 'geo': [37.653379, 55.855558], 'kind': 'SUBWAY'}], 'foot': 4, 'auto': 0, 'subway': 0, 'km': 0}, {'_id': '67c556ccd3b4b8f8981a2cf1', 'from': [{'_id': '64907541282a836e56fb59c4', 'title': ' ТТК', 'color': '!1976D2FF', 'kind': 'RING'}], 'foot': 0, 'auto': 14, 'subway': 0, 'km': 7}, {'_id': '67c556ccd3b4b8f8981a2cf2', 'from': [{'_id': '649ac7556069a0ab9bbf47ab', 'title': 'ЦЕНТР', 'color': '#', 'kind': 'CENTER'}], 'foot': 0, 'auto': 17, 'subway': 0, 'km': 10}]",Клубный дом в парке у воды,160.0,67c556ccd3b4b8f8981a2d16,https://fsk-uploads.hb.bizmrg.com/production/1716813516700-c9baca3cda1c39194c04fe2170c3da65.png,67c556ccd3b4b8f8981a2d17,https://fsk-uploads.hb.bizmrg.com/production/1716967161491-0efcf395c98003750182e5b777b3a465.jpg,https://fsk-uploads.hb.ru-msk.vkcs.cloud/static/v6/prelanding/the-lake/video-banner/pre-the-lake,
6050c6c4cb6cdb4761623f99,Архитектор,arhitektor,https://fsk-uploads.hb.bizmrg.com/production/6169920bab15b_0f442c2587aba09d0d2c07b33d81eb74.png,https://fsk-uploads.hb.bizmrg.com/production/5f3fbea9d6ac4_90bdca6da3ed58e7ba826839a191371b.jpg,1,https://fsk-uploads.hb.bizmrg.com/production/1714227595864-fd7a1b2ac004fb57bc7613a07a8f25ab.png,https://fsk-uploads.hb.bizmrg.com/production/1726650762781-6dd8f06df37143bd144e116faec00e13.svg,['FSK'],16267095,222138000,29.9,252.0,0.0,0.0,74,74,72,0,992,28,3,3,"['COMMERCE', 'LIVING']","[37.522108261901806, 55.65551549486346]","[0, 1, 2, 3, 4, 5, 6, 7]",2024-12-03T21:00:00.000Z,2024-12-03T21:00:00.000Z,"[0, 1, 3]","[{'title': 'Квартира европейского формата и панорамным остеклением в спальне'}, {'title': 'Квартира с большой ванной комнатой'}, {'title': 'Квартира с мастер-спальней'}, {'title': 'Квартира с увеличенным числом окон'}, {'title': 'Квартира с панорамным остеклением'}, {'title': 'Эркерная квартира'}, {'title': 'Студия'}, {'title': 'Квартира европейского формата'}, {'title': 'Квартира с окном в ванной'}, {'title': 'Квартира с панорамным остеклением балкона'}, {'title': 'Двухуровневая квартира'}, {'title': 'Двухэтажный пентхаус'}, {'title': 'Квартира со вторым светом'}]",0,"[28, 46, 47]","[0, 7, 1]",3,"['FLAT_GROUPS', 'LP_VIEW', 'SHOW_TRAITS', 'ARCHIVE']","[{'title': 'Скидки до 25%', 'color': '#e94200', 'link': ''}, {'title': 'Дом сдан', 'color': '#2e2e31', 'link': ''}]","[{'_id': '67a6271ea5d6a016a91437c4', 'from': [{'_id': '6490a140282a836e5606ad8f', 'title': 'Калужская', 'color': '#F07E24', 'geo': [37.540075, 55.656682], 'kind': 'SUBWAY'}], 'foot': 10, 'auto': 0, 'subway': 0, 'km': 0}, {'_id': '67a6271ea5d6a016a91437c5', 'from': [{'_id': '6746f6ef9712bc9109e28bcd', 'title': 'Воронцовская', 'color': '#19D2C6', 'geo': [37.538286785705445, 55.65879647829841], 'kind': 'SUBWAY'}], 'foot': 13, 'auto': 0, 'subway': 0, 'km': 0}, {'_id': '67a6271ea5d6a016a91437c6', 'from': [{'_id': '64907541282a836e56fb59c4', 'title': ' ТТК', 'color': '!1976D2FF', 'kind': 'RING'}], 'foot': 0, 'auto': 14, 'subway': 0, 'km': 8}, {'_id': '67a6271ea5d6a016a91437c7', 'from': [{'_id': '649ac7556069a0ab9bbf47ab', 'title': 'ЦЕНТР', 'color': '#', 'kind': 'CENTER'}], 'foot': 0, 'auto': 18, 'subway': 0, 'km': 11}]",,312.0,67a6271ea5d6a016a91437ff,https://fsk-uploads.hb.bizmrg.com/production/1721654147536-2b27b5e4e6d00b09089e9f95541ce2bf.jpg,67a6271ea5d6a016a91437fe,https://fsk-uploads.hb.bizmrg.com/production/1726819820181-dec528a913bb868e1e861699c1b0f0bb.png,,2024.0
6050c6c4cb6cdb4761623fa3,Римский,rimskiy,https://fsk-uploads.hb.bizmrg.com/production/5f7dd473d2d9e_6b1372d689c7d138d2f4ac3121909de9.jpg,https://fsk-uploads.hb.bizmrg.com/production/5f7dd47413dcc_d6e92f6864525828fe591d9c60cabcc3.jpg,1,https://fsk-uploads.hb.bizmrg.com/production/1714145471214-c7dd70757bb3da6ba2bdaf70fee4d354.png,https://fsk-uploads.hb.bizmrg.com/production/1726651984088-a4f4c46b5aa4af03ac9feaf58a0f107c.svg,['FSK'],6983176,24062250,27.3,120.4,0.0,0.0,521,521,515,199,2314,190,1,1,"['COMMERCE', 'LIVING']","[37.76744379035184, 55.597072424771525]","[0, 1, 2, 3, 4]",2024-03-01T20:59:59.999Z,2024-12-24T21:00:00.000Z,"[0, 1, 3]","[{'title': 'Двухуровневая квартира'}, {'title': 'Квартира с увеличенным числом окон'}, {'title': 'Квартира со вторым светом'}, {'title': 'Квартира европейского формата'}, {'title': 'Квартира с большой ванной комнатой'}, {'title': 'Двухуровневая квартира европейского формата'}, {'title': 'Квартира с круглым окном'}, {'title': 'Квартира с окном в ванной'}, {'title': 'Квартира с панорамным остеклением'}, {'title': 'Студия'}, {'title': 'Квартира с панорамным остеклением балкона'}, {'title': 'Квартира с террасой'}, {'title': 'Квартира с арочным окном'}, {'title': 'Квартира с мастер-спальней'}]",0,"[10, 11, 12, 13, 14, 15, 16, 4, 5, 6, 7, 8, 9]","[0, 7]",7,"['FLAT_GROUPS', 'LP_VIEW', 'SHOW_TRAITS', 'ARCHIVE']","[{'title': 'Скидки до 23%', 'color': '#E94200', 'link': ''}, {'title': 'Дом сдан', 'color': '#E94200FF', 'link': ''}, {'title': 'Рассрочка 0%', 'color': '#2E2E31FF', 'link': ''}]","[{'_id': '67a6274108241f9b8ea79748', 'from': [{'_id': '649071a6282a836e56fa757f', 'title': 'Домодедовская', 'color': '#4FB04F', 'geo': [37.717111, 55.610131], 'kind': 'SUBWAY'}], 'foot': 0, 'auto': 12, 'subway': 0, 'km': 0}, {'_id': '67a6274108241f9b8ea79749', 'from': [{'_id': '649ac7556069a0ab9bbf471b', 'title': 'Марьино', 'color': '#BED12C', 'geo': [37.743844, 55.649158], 'kind': 'SUBWAY'}], 'foot': 0, 'auto': 15, 'subway': 0, 'km': 0}, {'_id': '67a6274108241f9b8ea7974a', 'from': [{'_id': '64907541282a836e56fb59c4', 'title': ' ТТК', 'color': '!1976D2FF', 'kind': 'RING'}], 'foot': 0, 'auto': 25, 'subway': 0, 'km': 18}, {'_id': '67a6274108241f9b8ea7974b', 'from': [{'_id': '649ac7556069a0ab9bbf47ab', 'title': 'ЦЕНТР', 'color': '#', 'kind': 'CENTER'}], 'foot': 0, 'auto': 30, 'subway': 0, 'km': 21}]",,320.0,67a6274108241f9b8ea79721,https://fsk-uploads.hb.bizmrg.com/production/1726819892512-6eb4bcdfb399c7d663bab4053718f6e7.jpg,67a6274108241f9b8ea79722,https://fsk-uploads.hb.bizmrg.com/production/1726819875700-eb3aa24da68bcf9271a7c7de0076c792.png,,2024.0
6050c6c4cb6cdb4761623f8d,Движение.Тушино Апарт-отель,apart-otel-dvizhenie,https://fsk-uploads.hb.bizmrg.com/production/608011181afd2_9c87fe298e381fd231f3722b9653e357.jpg,https://fsk-uploads.hb.bizmrg.com/production/608011f7c6b41_0704239eda989fec4f730820e87da369.jpg,1,https://fsk-uploads.hb.bizmrg.com/production/1670249667300-b22a4e379cdaade1b3b63cd59250722d.png,,['FSK'],0,0,0.0,0.0,0.0,0.0,0,0,0,0,0,0,1,1,['COMMERCE'],"[37.43585096029662, 55.82236187200045]",[],2022-09-03T21:00:00.000Z,2022-09-03T21:00:00.000Z,[],[],0,[],[],0,"['EXPORT_AS_APARTMENT', 'SHOW_TRAITS']","[{'title': 'Инвестиционный продукт', 'color': '#e94200', 'link': ''}, {'title': 'Доходность от 14%', 'color': '#2e2e31', 'link': ''}]","[{'_id': '6649f0ee684d8aeeb6337b96', 'from': [{'_id': '64907eb4282a836e56fe62a0', 'title': 'Спартак', 'color': '#943E90', 'geo': [37.4352, 55.8182], 'kind': 'SUBWAY'}], 'foot': 3, 'auto': 0, 'subway': 0, 'km': 0}, {'_id': '6649f0ee684d8aeeb6337b97', 'from': [{'_id': '64907d3d282a836e56fdb272', 'title': 'Тушинская', 'color': '#943E90', 'geo': [37.437024, 55.825479], 'kind': 'SUBWAY'}], 'foot': 5, 'auto': 0, 'subway': 0, 'km': 0}]",,,,,,,,
624e4caaabb9a7d34ac2501c,Sydney Prime,sydney-prime,https://fsk-uploads.hb.bizmrg.com/production/1679383168104-b338ba2b174ac69b83f6e0bd133e9fb9.jpg,https://fsk-uploads.hb.bizmrg.com/production/1679383176587-b338ba2b174ac69b83f6e0bd133e9fb9.jpg,1,https://fsk-uploads.hb.bizmrg.com/production/624f007d4faf7_30a9b7f037530f88dbaf9fcbe27a01eb.png,https://fsk-uploads.hb.bizmrg.com/production/1726651643004-f4a6221ac52b039537f5f42ae7bfb445.svg,['FSK'],49836078,162559390,56.6,134.5,0.0,0.0,18,0,18,0,70,3,3,3,['LIVING'],"[37.509852200746366, 55.76488425983197]","[2, 3, 4]",2025-03-30T21:00:00.000Z,2025-03-30T21:00:00.000Z,[3],"[{'title': 'Квартира европейского формата'}, {'title': 'Квартира с большой ванной комнатой'}, {'title': 'Квартира с увеличенным числом окон'}, {'title': 'Квартира с французским остеклением'}, {'title': 'Квартира с мастер-спальней'}, {'title': 'Квартира с окном в ванной'}]",0,[],[0],0,"['LP_VIEW', 'SHOW_TRAITS']","[{'title': 'Внесите больше – платите меньше', 'color': '#E94200FF', 'link': ''}, {'title': 'Приватные дома у воды', 'color': '#2e2e31', 'link': ''}]","[{'_id': '67a627acfcc189837686ade7', 'from': [{'_id': '649074ea282a836e56fb490f', 'title': 'Звенигородская(2025)', 'color': '#1B2B38', 'kind': 'SUBWAY'}], 'foot': 10, 'auto': 0, 'subway': 0, 'km': 0}, {'_id': '67a627acfcc189837686ade8', 'from': [{'_id': '64907541282a836e56fb59c4', 'title': ' ТТК', 'color': '!1976D2FF', 'kind': 'RING'}], 'foot': 0, 'auto': 6, 'subway': 0, 'km': 3}, {'_id': '67a627acfcc189837686ade9', 'from': [{'_id': '649ac7556069a0ab9bbf47ab', 'title': 'ЦЕНТР', 'color': '#', 'kind': 'CENTER'}], 'foot': 0, 'auto': 12, 'subway': 0, 'km': 6}]",,208.0,67a627acfcc189837686add1,https://fsk-uploads.hb.bizmrg.com/production/1726819962551-fca092221b07562e510ea7620f3c53be.jpg,67a627acfcc189837686add2,https://fsk-uploads.hb.bizmrg.com/production/1726819940006-0f0039b89a6568aaac553d5902bfcf75.png,,
6050c6c4cb6cdb4761623f6f,Режиссер,rezhiser,https://fsk-uploads.hb.bizmrg.com/production/616992dddd26b_9b1db8726dd6b87cf5d4a25c05ebd9c7.png,https://fsk-uploads.hb.bizmrg.com/production/617ff756cbd44_8d152867ac258fa14ef43e42f3620bb1.jpg,1,https://fsk-uploads.hb.bizmrg.com/production/6008378519580_0b22c5f9613b0ad01526bc174414a5b8.png,https://fsk-uploads.hb.bizmrg.com/production/1726651213084-c69888da424fed2f75da3156aeaa3815.svg,['FSK'],22542128,94007550,37.1,135.8,0.0,0.0,47,47,43,0,758,33,3,3,"['COMMERCE', 'LIVING']","[37.63895174075317, 55.83485478744337]","[1, 2, 3, 4]",2024-08-29T21:00:00.000Z,2024-08-29T21:00:00.000Z,"[0, 3]","[{'title': 'Квартира европейского формата'}, {'title': 'Квартира с большой ванной комнатой'}, {'title': 'Квартира с мастер-спальней'}, {'title': 'Двухуровневая квартира'}, {'title': 'Квартира с увеличенным числом окон'}, {'title': 'Квартира со вторым светом'}, {'title': 'Квартира с панорамным остеклением'}]",0,"[29, 38, 48]",[0],3,"['FLAT_GROUPS', 'LP_VIEW', 'SHOW_TRAITS', 'ARCHIVE']","[{'title': 'Скидки 25% ', 'color': '#E94200', 'link': ''}, {'title': 'Рассрочка 0%', 'color': '#E94200FF', 'link': ''}, {'title': 'Дом сдан', 'color': '#2E2E31', 'link': ''}]","[{'_id': '67c1daffc8afb7746d52e243', 'from': [{'_id': '6490a3cd282a836e560764f5', 'title': 'ВДНХ', 'color': '#F07E24', 'geo': [37.640751, 55.819626], 'kind': 'SUBWAY'}], 'foot': 20, 'auto': 0, 'subway': 0, 'km': 0}, {'_id': '67c1daffc8afb7746d52e244', 'from': [{'_id': '6490a3fe282a836e56076e4f', 'title': 'Ботанический сад', 'color': '#F9BCD1', 'geo': [37.640278, 55.845556], 'kind': 'SUBWAY'}], 'foot': 12, 'auto': 0, 'subway': 0, 'km': 0}, {'_id': '67c1daffc8afb7746d52e245', 'from': [{'_id': '64907541282a836e56fb59c4', 'title': ' ТТК', 'color': '!1976D2FF', 'kind': 'RING'}], 'foot': 0, 'auto': 10, 'subway': 0, 'km': 6}, {'_id': '67c1daffc8afb7746d52e246', 'from': [{'_id': '649ac7556069a0ab9bbf47ab', 'title': 'ЦЕНТР', 'color': '#', 'kind': 'CENTER'}], 'foot': 0, 'auto': 13, 'subway': 0, 'km': 8}]",,256.0,67c1daffc8afb7746d52e215,https://fsk-uploads.hb.bizmrg.com/production/1726820037957-999ea4c2ea39c8ee9e486f0375c52383.jpg,67c1daffc8afb7746d52e216,https://fsk-uploads.hb.bizmrg.com/production/1726820021461-b020e7b6a77d166b1bf694799a0a61f5.png,,2024.0
6050c6c4cb6cdb4761623f85,Датский квартал,datskij-kvartal,https://fsk-uploads.hb.bizmrg.com/production/62617bdfdb81c_a2dbfe0d90054c91f8a24e100b3da2dc.jpg,https://fsk-uploads.hb.bizmrg.com/production/62617be00573d_e009bef01518942525cc27e0ed4c2023.jpg,1,https://fsk-uploads.hb.bizmrg.com/production/620f52f42e24f_9de65c957c5879895f8d1ed200a29258.png,https://fsk-uploads.hb.bizmrg.com/production/1726653080040-1d097a2c2a6cb9c18cb3586339841758.svg,['FSK'],6885450,21858760,26.0,76.9,0.0,0.0,46,46,46,0,1747,14,1,1,"['COMMERCE', 'LIVING']","[37.627835468383815, 55.90356549700748]","[0, 1, 2, 3]",2023-11-28T21:00:00.000Z,2023-11-28T21:00:00.000Z,"[0, 1]","[{'title': 'Квартира с большой ванной комнатой'}, {'title': 'Квартира с панорамным остеклением'}, {'title': 'Квартира с возможностью организации тёплой лоджии'}, {'title': 'Квартира с увеличенным окном'}, {'title': 'Квартира европейского формата'}, {'title': 'Студия'}, {'title': 'Квартира с окном в ванной'}, {'title': 'Квартира с увеличенным числом окон'}, {'title': 'Квартира с высокими потолками'}]",0,"[11, 12, 15, 16, 17, 18, 21, 22, 9]","[0, 7]",6,"['FLAT_GROUPS', 'LP_VIEW', 'SHOW_TRAITS', 'ARCHIVE']","[{'title': 'Скидки до 25%', 'color': '#e94200', 'link': ''}, {'title': 'Дом сдан', 'color': '#2e2e31', 'link': ''}, {'title': 'Рассрочка на 2 года', 'color': '#2E2E31FF', 'link': ''}]","[{'_id': '67c1ae0672d2a07eca672914', 'from': [{'_id': '6490a4a0282a836e560797e0', 'title': 'Бибирево', 'color': '#ADACAC', 'geo': [37.603011, 55.883868], 'kind': 'SUBWAY'}], 'foot': 0, 'auto': 11, 'subway': 0, 'km': 0}, {'_id': '67c1ae0672d2a07eca672915', 'from': [{'_id': '6490a4c3282a836e5607a48d', 'title': 'Алтуфьево', 'color': '#ADACAC', 'geo': [37.586473, 55.899034], 'kind': 'SUBWAY'}], 'foot': 0, 'auto': 10, 'subway': 0, 'km': 0}, {'_id': '67c1ae0672d2a07eca672916', 'from': [{'_id': '64907541282a836e56fb59c4', 'title': ' ТТК', 'color': '!1976D2FF', 'kind': 'RING'}], 'foot': 0, 'auto': 27, 'subway': 0, 'km': 17}, {'_id': '67c1ae0672d2a07eca672917', 'from': [{'_id': '649ac7556069a0ab9bbf47ab', 'title': 'ЦЕНТР', 'color': '#', 'kind': 'CENTER'}], 'foot': 0, 'auto': 30, 'subway': 0, 'km': 19}]",,280.0,67c1ae0672d2a07eca6728e8,https://fsk-uploads.hb.bizmrg.com/production/1726820201652-bcbb1528efc0d609a24032e0e77e3e0b.jpg,67c1ae0672d2a07eca6728e9,https://fsk-uploads.hb.bizmrg.com/production/1726820103258-ebcdcfc387375d4079f3af2b7f914c03.png,,2023.0
66967542208bda7f70227710,Симоновский вал,simonovskij-val,https://fsk-uploads.hb.bizmrg.com/production/1721380564077-ee4e182dfd19649eff085ffe32702449.jpg,,1,https://fsk-uploads.hb.bizmrg.com/production/1721403396581-c76a20e17901f75d6631825f3a0787ce.png,https://fsk-uploads.hb.bizmrg.com/production/1726750529315-a2b09c5a0bd8d3749ff161190262e8c9.svg,['FSK'],0,0,0.0,0.0,0.0,0.0,0,0,0,0,0,0,3,3,['LIVING'],"[37.6675331, 55.7200668]",[],1970-01-01T00:00:00.000Z,1970-01-01T00:00:00.000Z,[],[],0,[],[],0,"['START_ANNOUNCEMENT', 'SHOW_TRAITS']","[{'title': 'Скоро старт продаж', 'color': '#E94200FF', 'link': ''}, {'title': 'Бизнес-класс ', 'color': '#2E2E31FF', 'link': ''}]","[{'_id': '676559796366603f659f8a88', 'from': [{'_id': '649ac7556069a0ab9bbf4709', 'title': 'Дубровка', 'color': '#89C608', 'geo': [37.677775, 55.71268], 'kind': 'SUBWAY'}], 'foot': 8, 'auto': 0, 'subway': 0, 'km': 0}, {'_id': '676559796366603f659f8a89', 'from': [{'_id': '669a709c52543a8fc3d23d43', 'title': 'Садовое кольцо', 'color': '#FFFFFF', 'kind': 'RING'}], 'foot': 0, 'auto': 5, 'subway': 0, 'km': 0}, {'_id': '676559796366603f659f8a8a', 'from': [{'_id': '64907541282a836e56fb59c4', 'title': ' ТТК', 'color': '!1976D2FF', 'kind': 'RING'}], 'foot': 0, 'auto': 3, 'subway': 0, 'km': 1}, {'_id': '676559796366603f659f8a8b', 'from': [{'_id': '649ac7556069a0ab9bbf47ab', 'title': 'ЦЕНТР', 'color': '#', 'kind': 'CENTER'}], 'foot': 0, 'auto': 5, 'subway': 0, 'km': 3}]",,344.0,676559796366603f659f8a6c,https://fsk-uploads.hb.bizmrg.com/production/1726822318464-f5ac31eb4e3fb4f35bd8308891646c45.png,676559796366603f659f8a6d,https://fsk-uploads.hb.bizmrg.com/production/1726822326331-1f0b9d22b776bf7628b98d8f4a722493.png,,
6050c6c4cb6cdb4761623fc3,Движение. Тушино,dvizhenie,https://fsk-uploads.hb.bizmrg.com/production/6080111d2ce7f_9c87fe298e381fd231f3722b9653e357.jpg,https://fsk-uploads.hb.bizmrg.com/production/608011e390945_0704239eda989fec4f730820e87da369.jpg,1,https://fsk-uploads.hb.bizmrg.com/production/1678209233619-2976ec17401ae0ef1940f2040a55fd52.png,https://fsk-uploads.hb.bizmrg.com/production/1726651820056-3393e92795dc98bdd56ad0aebe091e2e.svg,['FSK'],0,0,0.0,0.0,0.0,0.0,0,0,0,179,253,0,1,1,['LIVING'],"[37.43865560531178, 55.82233391306667]",[],2022-08-03T21:00:00.000Z,2022-08-03T21:00:00.000Z,[],[],0,"[13, 22]",[],3,"['EXPORT_AS_APARTMENT', 'SHOW_TRAITS']","[{'title': 'Дома сданы', 'color': '#2e2e31', 'link': ''}]","[{'_id': '67a627d88520cf9e64e61ef2', 'from': [{'_id': '64907d3d282a836e56fdb272', 'title': 'Тушинская', 'color': '#943E90', 'geo': [37.437024, 55.825479], 'kind': 'SUBWAY'}], 'foot': 5, 'auto': 0, 'subway': 0, 'km': 0}, {'_id': '67a627d88520cf9e64e61ef3', 'from': [{'_id': '64907eb4282a836e56fe62a0', 'title': 'Спартак', 'color': '#943E90', 'geo': [37.4352, 55.8182], 'kind': 'SUBWAY'}], 'foot': 3, 'auto': 0, 'subway': 0, 'km': 0}]",,308.0,67a627d88520cf9e64e61ed7,https://fsk-uploads.hb.bizmrg.com/production/1726820273769-bc92fa636db62f3adc82da98843ef3d0.jpg,67a627d88520cf9e64e61ed8,https://fsk-uploads.hb.bizmrg.com/production/1726820254690-858e78db9df224637a0e73256173471f.png,,2022.0
6050c6c4cb6cdb4761623f83,Рихард,rihard,https://fsk-uploads.hb.bizmrg.com/production/61698fb8a173b_8b7d8eb646c344a97a157a1704063b89.png,https://fsk-uploads.hb.bizmrg.com/production/1706553228902-521fe067b9799bf415d398474766d572.jpg,1,https://fsk-uploads.hb.bizmrg.com/production/6008398bbe94f_95fbb6869068e7788921b305cbe25127.png,https://fsk-uploads.hb.bizmrg.com/production/1726652056072-84a55d5b3835887a16f2fd4f8e9ac1c4.svg,['FSK'],28335216,54691872,53.5,103.2,0.0,0.0,6,6,1,0,179,2,1,1,['LIVING'],"[37.509783048965446, 55.78239842840687]","[2, 3]",2022-07-06T21:00:00.000Z,2022-07-06T21:00:00.000Z,"[0, 1, 3]","[{'title': 'Квартира европейского формата'}, {'title': 'Квартира с увеличенным числом окон'}, {'title': 'Квартира с большой ванной комнатой'}, {'title': 'Квартира с кладовой'}]",0,"[12, 13, 26, 27, 8]",[0],2,"['ARCHIVE', 'FLAT_GROUPS', 'LP_VIEW', 'SHOW_TRAITS']","[{'title': 'Ипотека траншами', 'color': '#e94200', 'link': ''}, {'title': 'Дом сдан', 'color': '#2e2e31', 'link': ''}]","[{'_id': '67a627e6a5d6a016a9145d39', 'from': [{'_id': '6490a329282a836e560733bb', 'title': 'Полежаевская', 'color': '#943E90', 'geo': [37.517895, 55.777201], 'kind': 'SUBWAY'}], 'foot': 10, 'auto': 0, 'subway': 0, 'km': 0}, {'_id': '67a627e6a5d6a016a9145d3a', 'from': [{'_id': '649ac7536069a0ab9bbf44cd', 'title': 'Хорошево', 'color': '#F9BCD1', 'geo': [37.507222, 55.777222], 'kind': 'SUBWAY'}], 'foot': 10, 'auto': 0, 'subway': 0, 'km': 0}, {'_id': '67a627e6a5d6a016a9145d3b', 'from': [{'_id': '64907541282a836e56fb59c4', 'title': ' ТТК', 'color': '!1976D2FF', 'kind': 'RING'}], 'foot': 0, 'auto': 8, 'subway': 0, 'km': 0}, {'_id': '67a627e6a5d6a016a9145d3c', 'from': [{'_id': '649ac7556069a0ab9bbf47ab', 'title': 'ЦЕНТР', 'color': '#', 'kind': 'CENTER'}], 'foot': 0, 'auto': 15, 'subway': 0, 'km': 0}]",,292.0,67a627e6a5d6a016a9145d21,https://fsk-uploads.hb.bizmrg.com/production/1726820356557-c8602e226e72f5e09c5f46e8b10ec5a6.jpg,67a627e6a5d6a016a9145d22,https://fsk-uploads.hb.bizmrg.com/production/1726820341079-96e474c43078d769e3546f234b8365ee.png,,2022.0
6050c6c4cb6cdb4761623fbd,Скандинавский,skandinavskiy,https://fsk-uploads.hb.bizmrg.com/production/62b5b2804657a_2692629572ab159acc67a07c0e383dbe.jpg,https://fsk-uploads.hb.bizmrg.com/production/62b5b28066d37_d1faa985bf92df6b842fa78048ee6d73.jpg,1,https://fsk-uploads.hb.bizmrg.com/production/620f63350b227_2aeda69983e083193ac466b0e713af6e.png,https://fsk-uploads.hb.bizmrg.com/production/1726653031790-03699b92406bf561c0d1358b81713d91.svg,['FSK'],8780400,13946400,36.0,60.5,0.0,0.0,7,7,2,0,610,3,1,1,"['COMMERCE', 'LIVING']","[37.65979776155037, 55.92169617061965]","[1, 2]",2019-07-04T21:00:00.000Z,2023-10-24T21:00:00.000Z,"[0, 3]","[{'title': 'Квартира европейского формата'}, {'title': 'Квартира с большой ванной комнатой'}, {'title': 'Квартира с панорамным остеклением'}, {'title': 'Квартира с ориентацией на 2 стороны света'}, {'title': 'Квартира с мастер-спальней'}]",97,"[15, 16, 8, 9]",[0],6,"['ARCHIVE', 'SHOW_SOLD_PERCENT', 'SHOW_TRAITS']","[{'title': 'Скидки до 8%', 'color': '#e94200', 'link': ''}, {'title': 'Дом сдан', 'color': '#2e2e31', 'link': ''}]","[{'_id': '67ac5e304b34af4ce7d2d5e3', 'from': [{'_id': '6490a54d282a836e5607c89c', 'title': 'Медведково', 'color': '#F07E24', 'geo': [37.661562, 55.888103], 'kind': 'SUBWAY'}], 'foot': 0, 'auto': 14, 'subway': 0, 'km': 0}]",,320.0,67ac5e304b34af4ce7d2d61b,https://fsk-uploads.hb.bizmrg.com/production/1726820439136-6b26ac17cf09888d97a840de01efa78c.jpg,67ac5e304b34af4ce7d2d61a,https://fsk-uploads.hb.bizmrg.com/production/1726820422476-85944aefe849b3847eebf2eaaaa147ec.png,,2024.0
667549439c000785086469a8,Мартемьяново Клаб,martemyanovo-club,https://fsk-uploads.hb.bizmrg.com/production/1718962257342-a67486889f1f9ec0a1f9fd1c3df88fd7.jpg,https://fsk-uploads.hb.bizmrg.com/production/1718962271558-ac09fb0501dd17f493af90173b7f6b92.jpg,1,https://fsk-uploads.hb.bizmrg.com/production/1719387164163-65ccc77b661485e48dabfb82c088d347.png,https://fsk-uploads.hb.bizmrg.com/production/1726750599785-c950e08ee0fc3071bde4b8c2ee005525.svg,['FSK'],14970202,22284480,122.2,133.6,0.7,1.9,57,0,56,0,0,8,1,1,"['SUBURBAN', 'LIVING']","[37.067973368541516, 55.52449984290104]",[5],2026-08-30T21:00:00.000Z,2026-10-29T21:00:00.000Z,[0],[{'title': 'Дом блокированной застройки'}],0,[1],[3],13,"['SHOW_ON_SUBURBAN', 'SHOW_TRAITS', 'FLAT_GROUPS']","[{'title': 'Скидки до 19%', 'color': '#E94200FF', 'link': ''}, {'title': 'Рассрочка', 'color': '#E94200FF', 'link': ''}, {'title': 'Вносите больше — платите меньше', 'color': '#2E2E31FF', 'link': ''}, {'title': 'Семейная ипотека', 'color': '#2E2E31FF', 'link': ''}]","[{'_id': '67c5bb6c231970346b26fd03', 'from': [{'_id': '667963f24ca070f7d9c7053b', 'title': 'Апрелевка (D4) ', 'color': '#36A770', 'kind': 'SUBWAY'}], 'foot': 0, 'auto': 10, 'subway': 0, 'km': 0}, {'_id': '67c5bb6c231970346b26fd04', 'from': [{'_id': '649ac7546069a0ab9bbf4605', 'title': 'Саларьево', 'color': '#E42313', 'geo': [37.424, 55.6227], 'kind': 'SUBWAY'}], 'foot': 0, 'auto': 25, 'subway': 0, 'km': 0}, {'_id': '67c5bb6c231970346b26fd05', 'from': [{'_id': '649158b2b5e3289022512944', 'title': 'МКАД', 'color': '#FAFAFAFB', 'kind': 'RING'}], 'foot': 0, 'auto': 25, 'subway': 0, 'km': 0}, {'_id': '67c5bb6c231970346b26fd06', 'from': [{'_id': '64907541282a836e56fb59c4', 'title': ' ТТК', 'color': '!1976D2FF', 'kind': 'RING'}], 'foot': 0, 'auto': 45, 'subway': 0, 'km': 43}, {'_id': '67c5bb6c231970346b26fd07', 'from': [{'_id': '649ac7556069a0ab9bbf47ab', 'title': 'ЦЕНТР', 'color': '#', 'kind': 'CENTER'}], 'foot': 0, 'auto': 50, 'subway': 0, 'km': 45}]",,352.0,67c5bb6c231970346b26fccb,https://fsk-uploads.hb.bizmrg.com/production/1726822149844-1ea0fc4309373b4bb9148946688fecbe.png,67c5bb6c231970346b26fccc,https://fsk-uploads.hb.bizmrg.com/production/1726822101266-554fd27cc74ff0e856558a32debc6522.png,,
63474df8de1169fe5d127f90,Парк Апрель,park-aprel,https://fsk-uploads.hb.bizmrg.com/production/1709311725579-08ea1652bba413b89eb9ce6cdbb0ca95.jpg,https://fsk-uploads.hb.bizmrg.com/production/1709311812500-487f2385659b1872d52199961a371e31.jpg,1,https://fsk-uploads.hb.bizmrg.com/production/1676303297111-18147f50d18d46944299b2b98e21241a.png,https://fsk-uploads.hb.bizmrg.com/production/1726653203272-c7b9d4bbed1f4c9e5f7d973ad4846c5a.svg,['FSK'],5603880,19770480,26.8,101.7,0.0,0.339,137,87,135,0,82,0,1,1,"['SUBURBAN', 'LIVING']","[37.02934770635985, 55.53321367889558]","[1, 2, 3]",2023-12-27T21:00:00.000Z,2025-06-29T21:00:00.000Z,"[0, 1, 3]","[{'title': 'Свободная планировка'}, {'title': 'Выход на участок'}, {'title': 'Высокие потолки до 7,2 метров'}]",0,"[1, 2, 3, 4]",[0],14,"['SHOW_ON_SUBURBAN', 'SHOW_TRAITS']","[{'title': 'Скидки до 12%', 'color': '#E94200', 'link': ''}, {'title': 'Рассрочка', 'color': '#E94200FF', 'link': ''}, {'title': 'Готовый клубный поселок', 'color': '#2E2E31FF', 'link': ''}, {'title': 'Семейная ипотека', 'color': '#2E2E31FF', 'link': ''}]","[{'_id': '67c1992222ee58045a8e3ec5', 'from': [{'_id': '667963f24ca070f7d9c7053b', 'title': 'Апрелевка (D4) ', 'color': '#36A770', 'kind': 'SUBWAY'}], 'foot': 0, 'auto': 10, 'subway': 0, 'km': 0}, {'_id': '67c1992222ee58045a8e3ec6', 'from': [{'_id': '6490abdc282a836e56095dca', 'title': 'Румянцево', 'color': '#E42313', 'geo': [37.4419, 55.633], 'kind': 'SUBWAY'}], 'foot': 0, 'auto': 25, 'subway': 0, 'km': 0}, {'_id': '67c1992222ee58045a8e3ec7', 'from': [{'_id': '649158b2b5e3289022512944', 'title': 'МКАД', 'color': '#FAFAFAFB', 'kind': 'RING'}], 'foot': 0, 'auto': 0, 'subway': 0, 'km': 30}, {'_id': '67c1992222ee58045a8e3ec8', 'from': [{'_id': '64907541282a836e56fb59c4', 'title': ' ТТК', 'color': '!1976D2FF', 'kind': 'RING'}], 'foot': 0, 'auto': 50, 'subway': 0, 'km': 42}, {'_id': '67c1992222ee58045a8e3ec9', 'from': [{'_id': '649ac7556069a0ab9bbf47ab', 'title': 'ЦЕНТР', 'color': '#', 'kind': 'CENTER'}], 'foot': 0, 'auto': 55, 'subway': 0, 'km': 45}]",,320.0,67c1992222ee58045a8e3e8d,https://fsk-uploads.hb.bizmrg.com/production/1726821790663-7758d8c90b3d109b9ecc282d92f87cd1.jpg,67c1992222ee58045a8e3e8e,https://fsk-uploads.hb.bizmrg.com/production/1726821727381-939acdfbe4c93bae8ab5ad434a9c9154.png,,
644a4c5a84298a7b2aabae8f,Жаворонки Клаб,zhavoronki-club,https://fsk-uploads.hb.bizmrg.com/production/1695035239594-2cb4edec02ca256edbd819bd3e586532.jpg,https://fsk-uploads.hb.bizmrg.com/production/1695035171665-2cb4edec02ca256edbd819bd3e586532.jpg,1,https://fsk-uploads.hb.bizmrg.com/production/1695298806065-e748aed010ecac2ea880964a7245a443.png,https://fsk-uploads.hb.bizmrg.com/production/1726653145717-79704d05577b4015d544d9eb5838146a.svg,['FSK'],6554979,23905884,28.75,90.69,0.0,0.0,170,0,170,0,147,0,1,1,"['SUBURBAN', 'LIVING']","[37.109212941802895, 55.60961392794978]","[0, 1, 2, 3]",2025-05-30T21:00:00.000Z,2026-09-29T21:00:00.000Z,"[0, 1, 3]","[{'title': 'Квартира с антресолью'}, {'title': 'Квартира с тамбуром'}, {'title': 'Квартира с террасой'}]",0,[4],"[0, 7]",3,"['SHOW_ON_SUBURBAN', 'SHOW_TRAITS', 'FLAT_GROUPS']","[{'title': 'Рассрочка 0%', 'color': '#E94200FF', 'link': ''}, {'title': 'Скидки до 20%', 'color': '#e94200', 'link': ''}, {'title': 'Клубный поселок', 'color': '#2E2E31FF', 'link': ''}, {'title': 'Семейная ипотека', 'color': '#2E2E31FF', 'link': ''}]","[{'_id': '67c18edfe0d88f7a531d246e', 'from': [{'_id': '6619353a3d47e5583cebdf02', 'title': 'Санино (D4)', 'color': '#5BAA7F', 'kind': 'SUBWAY'}], 'foot': 0, 'auto': 5, 'subway': 0, 'km': 0}, {'_id': '67c18edfe0d88f7a531d246f', 'from': [{'_id': '649158b2b5e3289022512944', 'title': 'МКАД', 'color': '#FAFAFAFB', 'kind': 'RING'}], 'foot': 0, 'auto': 0, 'subway': 0, 'km': 23}, {'_id': '67c18edfe0d88f7a531d2470', 'from': [{'_id': '64907541282a836e56fb59c4', 'title': ' ТТК', 'color': '!1976D2FF', 'kind': 'RING'}], 'foot': 0, 'auto': 30, 'subway': 0, 'km': 32}, {'_id': '67c18edfe0d88f7a531d2471', 'from': [{'_id': '649ac7556069a0ab9bbf47ab', 'title': 'ЦЕНТР', 'color': '#', 'kind': 'CENTER'}], 'foot': 0, 'auto': 40, 'subway': 0, 'km': 36}]",,352.0,67c18edfe0d88f7a531d244e,https://fsk-uploads.hb.bizmrg.com/production/1726821881395-6c8d94bee069ccad90ddb0043a47cba8.jpg,67c18edfe0d88f7a531d244f,https://fsk-uploads.hb.bizmrg.com/production/1726821846631-d151815b02108cc5ecbb07da7992d8ef.png,,
641967f2aa99c06f3716a848,Сабурово Клаб,saburovo-club,https://fsk-uploads.hb.bizmrg.com/production/1703256711485-b24ba30ffbb262b7051f136d65558810.jpg,https://fsk-uploads.hb.bizmrg.com/production/1681641115876-c0df4f3260007d6c228e77f007d13cfe.jpg,1,https://fsk-uploads.hb.bizmrg.com/production/1679398942507-e62c46a86000640b4a286c8921bcb500.png,https://fsk-uploads.hb.bizmrg.com/production/1726653848288-d77321475e20322910c6bfc197d03525.svg,['FSK'],32543910,111058200,128.9,256.0,5.09,11.85,28,10,26,0,5,0,1,1,"['SUBURBAN', 'LIVING']","[37.2633360724093, 55.88207865752544]","[4, 5]",2025-02-27T21:00:00.000Z,2026-07-29T21:00:00.000Z,"[0, 1]","[{'title': 'Дополнительный вход'}, {'title': 'Квартира с возможностью установки камина'}, {'title': 'Квартира с возможностью установки сауны'}, {'title': 'Квартира с кладовой при кухне'}, {'title': 'Квартира с кухней-гостиной'}, {'title': 'Квартира с нестандартными большими окнами'}, {'title': 'Квартира с гардеробной'}, {'title': 'Квартира с мастер-спальней'}, {'title': 'Квартира с окном в ванной'}, {'title': 'Квартира со вторым светом'}, {'title': 'Квартира с рабочим кабинетом'}, {'title': 'Квартира с кладовой под лестницей'}, {'title': 'Квартира с окнами в пол на 1 этаже'}, {'title': 'Квартира с балконом'}]",0,[],[4],3,"['SHOW_ON_SUBURBAN', 'FLAT_GROUPS', 'GENPLAN_VISUAL', 'SHOW_TRAITS']","[{'title': 'Рассрочка 0%', 'color': '#E94200FF', 'link': ''}, {'title': 'Скидки до 20%', 'color': '#E94200FF', 'link': ''}, {'title': 'Семейная ипотека', 'color': '#2E2E31FF', 'link': ''}, {'title': 'Поселок бизнес-класса', 'color': '#2E2E31FF', 'link': ''}]","[{'_id': '67c186a49c955059960dd802', 'from': [{'_id': '649158b2b5e3289022512944', 'title': 'МКАД', 'color': '#FAFAFAFB', 'kind': 'RING'}], 'foot': 0, 'auto': 0, 'subway': 0, 'km': 14}, {'_id': '67c186a49c955059960dd803', 'from': [{'_id': '6490a5ef282a836e5607f13d', 'title': 'Пятницкое шоссе', 'color': '#0072BA', 'geo': [37.353108, 55.853634], 'kind': 'SUBWAY'}], 'foot': 0, 'auto': 10, 'subway': 0, 'km': 0}, {'_id': '67c186a49c955059960dd804', 'from': [{'_id': '64907541282a836e56fb59c4', 'title': ' ТТК', 'color': '!1976D2FF', 'kind': 'RING'}], 'foot': 0, 'auto': 47, 'subway': 0, 'km': 26}, {'_id': '67c186a49c955059960dd805', 'from': [{'_id': '649ac7556069a0ab9bbf47ab', 'title': 'ЦЕНТР', 'color': '#', 'kind': 'CENTER'}], 'foot': 0, 'auto': 55, 'subway': 0, 'km': 45}]",,320.0,67c186a49c955059960dd82e,https://fsk-uploads.hb.bizmrg.com/production/1726822057517-9565a73395cf203bc7b01c4e052a7512.png,67c186a49c955059960dd82d,https://fsk-uploads.hb.bizmrg.com/production/1726822013022-6ccd195a689c37554283e5c29b080ee6.png,,
6050c6c4cb6cdb4761623f7f,Настроение,nastroenie,https://fsk-uploads.hb.bizmrg.com/production/61699046235a4_454c425750a78ea942e720e0558353c2.png,https://fsk-uploads.hb.bizmrg.com/production/5f36ad7176371_5ece44b6114f318426f540573a559e5d.jpg,1,https://fsk-uploads.hb.bizmrg.com/production/60083a779c203_e05304e1ea21ac190059192c3d58e70d.png,https://fsk-uploads.hb.bizmrg.com/production/1726653365681-32034fef73a7ccbcd60b4a102a8cb253.svg,['FSK'],10968100,26842515,25.0,81.3,0.0,0.0,24,24,1,0,441,0,1,1,['LIVING'],"[37.68365792460626, 55.84998796444669]","[0, 1, 2, 3]",2021-07-04T21:00:00.000Z,2021-07-04T21:00:00.000Z,"[0, 1]","[{'title': 'Студия'}, {'title': 'Квартира с французским балконом'}]",0,"[12, 17, 22, 8]","[0, 7]",4,"['ARCHIVE', 'SHOW_TRAITS']","[{'title': 'Ипотека от 2%', 'color': '#E94200FF', 'link': ''}, {'title': 'Скидки до 7%', 'color': '#E94200FF', 'link': ''}, {'title': 'Дома сданы', 'color': '#2e2e31', 'link': ''}]","[{'_id': '67bebb98d52e1b49bdcf7e8a', 'from': [{'_id': '6490ac8a282a836e56098fe8', 'title': 'Ростокино', 'color': '#F9BCD1', 'geo': [37.667778, 55.839444], 'kind': 'SUBWAY'}], 'foot': 15, 'auto': 0, 'subway': 0, 'km': 0}, {'_id': '67bebb98d52e1b49bdcf7e8b', 'from': [{'_id': '64907541282a836e56fb59c4', 'title': ' ТТК', 'color': '!1976D2FF', 'kind': 'RING'}], 'foot': 0, 'auto': 15, 'subway': 0, 'km': 0}, {'_id': '67bebb98d52e1b49bdcf7e8c', 'from': [{'_id': '649ac7556069a0ab9bbf47ab', 'title': 'ЦЕНТР', 'color': '#', 'kind': 'CENTER'}], 'foot': 0, 'auto': 25, 'subway': 0, 'km': 0}]",,320.0,67bebb98d52e1b49bdcf7e71,https://fsk-uploads.hb.bizmrg.com/production/1726821938660-68b32e37b0ca175268724ea08685e65b.jpg,67bebb98d52e1b49bdcf7e72,https://fsk-uploads.hb.bizmrg.com/production/1726821925741-ad07269fdc96c950c3a2a96b409256f2.png,,2021.0
6050c6c4cb6cdb4761623fbf,Сколковский,skolkovskiy,https://fsk-uploads.hb.bizmrg.com/production/61697b908f1a3_06e5af758aa1c2d9cce374f2cfb85f10.png,https://fsk-uploads.hb.bizmrg.com/production/5dd4ee5f4c25e_93a9f5479cc6e13e3d9050fcc5257cac.jpg,1,https://fsk-uploads.hb.bizmrg.com/production/60083c527845f_874837b758060df61831f3693de6d134.png,https://fsk-uploads.hb.bizmrg.com/production/1726653683296-c21083b1122d96e6a17d204aeb90cb8d.svg,['FSK'],0,0,0.0,0.0,0.0,0.0,0,0,0,721,2419,0,1,1,"['COMMERCE', 'LIVING']","[37.31857997602269, 55.70072641165287]",[],2021-05-24T21:00:00.000Z,2021-05-24T21:00:00.000Z,[],[],0,"[17, 19, 22, 25]",[],21,"['ARCHIVE', 'SHOW_TRAITS']","[{'title': 'Готовый паркинг: Скидки до 20%', 'color': '#e94200', 'link': ''}, {'title': 'Выгодная рассрочка', 'color': '#2e2e31', 'link': ''}]","[{'_id': '670cd1f9a450daf529a0dc44', 'from': [{'_id': '6490adb9282a836e5609de7d', 'title': 'Славянский бульвар', 'color': '#0072BA', 'geo': [37.470973, 55.729542], 'kind': 'SUBWAY'}], 'foot': 0, 'auto': 15, 'subway': 0, 'km': 0}, {'_id': '670cd1f9a450daf529a0dc45', 'from': [{'_id': '6490ae17282a836e5609f913', 'title': 'Сколково (D1)', 'color': '#F7A500FF', 'kind': 'RAILWAY'}], 'foot': 15, 'auto': 0, 'subway': 0, 'km': 0}, {'_id': '670cd1f9a450daf529a0dc46', 'from': [{'_id': '6490ae49282a836e560a042b', 'title': 'Кунцевская', 'color': '#1EBCEF', 'geo': [37.446754, 55.730815], 'kind': 'SUBWAY'}], 'foot': 0, 'auto': 19, 'subway': 0, 'km': 0}]",,320.0,670cd1f9a450daf529a0dc0c,https://fsk-uploads.hb.bizmrg.com/production/1726820866031-ad8b468b0b5ba33eb608b837a26e48c4.jpg,670cd1f9a450daf529a0dc0d,https://fsk-uploads.hb.bizmrg.com/production/1726820554921-1ccb756d5101405352a0d4fb50828f44.png,,2021.0
6050c6c4cb6cdb4761623f8f,Дом Дыхание,domdyhanie,https://fsk-uploads.hb.bizmrg.com/production/616990e3b5e36_fdd54c02ac75dfcdb66060e701157c54.png,https://fsk-uploads.hb.bizmrg.com/production/5dd4f02603d6f_a4997ceeb4ac54d90ae4b0bae1a2280c.jpg,1,https://fsk-uploads.hb.bizmrg.com/production/60083d6b267af_8326a49a180cca86b7bef9a53738cfe9.png,https://fsk-uploads.hb.bizmrg.com/production/1726653940519-108ac3de45740a283c226184fdeaff82.svg,['FSK'],0,0,0.0,0.0,0.0,0.0,0,0,0,0,0,0,1,1,['LIVING'],"[37.57262959821933, 55.817329561276495]",[],1970-01-01T00:00:00.000Z,1970-01-01T00:00:00.000Z,[],[],0,[],[],0,"['ARCHIVE', 'HIDE_ON_INDEX', 'SHOW_TRAITS']","[{'title': 'Премиум-класс', 'color': '#2e2e31', 'link': ''}]","[{'_id': '67ac523477c4dff9533d699b', 'from': [{'_id': '6490aee0282a836e560a2b18', 'title': 'Тимирязевская', 'color': '#006DA8', 'geo': [37.578882, 55.819049], 'kind': 'SUBWAY'}], 'foot': 2, 'auto': 0, 'subway': 0, 'km': 0}]",,248.0,,,,,,2015.0
6050c6c4cb6cdb4761623fa5,Поколение,pokolenie,https://fsk-uploads.hb.bizmrg.com/production/5f36b7cd1e321_5ba499b41b51ad7154f12cefff78891c.jpg,https://fsk-uploads.hb.bizmrg.com/production/5dd4efc9ba86d_1e86317ebcf9189155baf17dd026aeec.jpg,1,,,['FSK'],0,0,0.0,0.0,0.0,0.0,0,0,0,358,598,0,1,1,['COMMERCE'],"[37.57528712698359, 55.8507428381872]",[],2019-04-02T21:00:00.000Z,2019-04-02T21:00:00.000Z,[],[],0,"[16, 18, 20]",[],4,['ARCHIVE'],[],"[{'_id': '67aca04f1e58901880a0d773', 'from': [{'_id': '6490af8d282a836e560a576c', 'title': 'Окружная', 'color': '#BED12C', 'geo': [37.571111, 55.848889], 'kind': 'SUBWAY'}], 'foot': 7, 'auto': 0, 'subway': 0, 'km': 0}]",,,,,,,,2020.0
6050c6c4cb6cdb4761623f79,Новое Тушино,novoe-tushino,https://fsk-uploads.hb.bizmrg.com/production/608a960cc3aec_afef4f6f7818d1f5cbe8b98719b9a04e.jpg,https://fsk-uploads.hb.bizmrg.com/production/608a96cfe4f8f_c9621c62dcbc7dbe9c7aed08dede5c2c.jpg,1,https://fsk-uploads.hb.bizmrg.com/production/600840195b800_80331de9e079bff68b6c68d6e70039ff.png,,['FSK'],11567500,11567500,66.1,66.1,0.0,0.0,1,1,0,260,1270,0,1,1,['COMMERCE'],"[37.396070647162624, 55.86614153407771]",[2],2015-04-09T21:00:00.000Z,2015-04-09T21:00:00.000Z,[0],[],0,"[17, 18, 20, 21, 22]",[0],8,['ARCHIVE'],[],[],,,,,,,,2018.0
6050c6c4cb6cdb4761623f89,Новогиреевский,novogireevskii,https://fsk-uploads.hb.bizmrg.com/production/61697180c381e_cbf2591a010f5ed79d2d02f40b9924a2.png,https://fsk-uploads.hb.bizmrg.com/production/5dd4f13bcea53_0e492ba381a8589c7974e0e300b8c6fe.jpg,1,https://fsk-uploads.hb.bizmrg.com/production/5a31a1d8dc1b7_29e8972145a4b39e0362015bf6aedf48.jpg,,['FSK'],0,0,0.0,0.0,0.0,0.0,0,0,0,0,970,0,1,1,['COMMERCE'],"[37.88654371827304, 55.79232259996396]",[],1970-01-01T00:00:00.000Z,1970-01-01T00:00:00.000Z,[],[],0,"[13, 17, 18, 20, 22, 23, 24, 25, 9]",[],8,"['ARCHIVE', 'HIDE_IN_EXPORT']",[],[],,,,,,,,2018.0
6050c6c4cb6cdb4761623fb1,Зодиак,zodiac,https://fsk-uploads.hb.bizmrg.com/production/5d84d932acdfb_da4c74b026c696d83ea7230036cd680d.jpg,,1,https://fsk-uploads.hb.bizmrg.com/production/5a31a1d8dc1b7_29e8972145a4b39e0362015bf6aedf48.jpg,,['FSK'],0,0,0.0,0.0,0.0,0.0,0,0,0,0,0,0,1,1,[],"[37, 55]",[],,,[],[],0,[],[],0,"['ARCHIVE', 'HIDE_IN_EXPORT', 'HIDE_ON_INDEX']",[],[],,,,,,,,2011.0
6050c6c4cb6cdb4761623f77,M-House,m-house,https://fsk-uploads.hb.bizmrg.com/production/5d84d0b5330a0_86bdec10fa57bcfa7caec617dc6b173f.jpg,,1,https://fsk-uploads.hb.bizmrg.com/production/5a31a1d8dc1b7_29e8972145a4b39e0362015bf6aedf48.jpg,,['FSK'],0,0,0.0,0.0,0.0,0.0,0,0,0,0,0,0,1,1,[],"[37, 55]",[],,,[],[],0,[],[],0,"['ARCHIVE', 'HIDE_IN_EXPORT', 'HIDE_ON_INDEX']",[],[],,,,,,,,2014.0
6050c6c4cb6cdb4761623fc5,Vita Verde,vita_verde,https://fsk-uploads.hb.bizmrg.com/production/5d84d21c72bac_d223cdace00cd3b797f17b84490fa020.jpg,,1,https://fsk-uploads.hb.bizmrg.com/production/5a31a1d8dc1b7_29e8972145a4b39e0362015bf6aedf48.jpg,,['FSK'],0,0,0.0,0.0,0.0,0.0,0,0,0,0,0,0,1,1,[],"[37, 56]",[],,,[],[],0,[],[],0,"['ARCHIVE', 'HIDE_IN_EXPORT']",[],[],,,,,,,,2013.0
6050c6c4cb6cdb4761623fb3,Новое Измайлово 2,novoe-izmajlovo-2,https://fsk-uploads.hb.bizmrg.com/production/1739348938445-674ebf050a5ee3e12db625ecf1ff050a.jpg,https://fsk-uploads.hb.bizmrg.com/production/1739346620791-837094c47aafd3949926444752a1cdae.jpg,1,,,['FSK'],0,0,0.0,0.0,0.0,0.0,0,0,0,0,74,0,1,1,['COMMERCE'],"[37.97430200798486, 55.79234176409531]",[],1970-01-01T00:00:00.000Z,1970-01-01T00:00:00.000Z,[],[],0,"[14, 20, 21, 25]",[],3,['ARCHIVE'],[],[],,,,,,,,2018.0
6050c6c4cb6cdb4761623fd3,Молодежный,kaluga-18,https://fsk-uploads.hb.bizmrg.com/production/608930be3fccf_c4a536f2de385a0c4f0fcf29d694d878.jpg,https://fsk-uploads.hb.bizmrg.com/production/608930be7813e_02916e1bf663020c80500272d56bf587.jpg,3,https://fsk-uploads.hb.bizmrg.com/production/1672413169742-51786e9fe749d0a412899cc6de1c3eef.png,https://fsk-uploads.hb.bizmrg.com/production/1726652961671-2e80e4fb7072418501fa4a57e5eb036e.svg,['FSK'],0,0,0.0,0.0,0.0,0.0,0,0,0,0,121,0,1,1,['LIVING'],"[36.304823555225354, 54.53414845420398]",[],2022-12-12T21:00:00.000Z,2022-12-12T21:00:00.000Z,[],[],0,"[17, 18, 19]",[],4,['ARCHIVE'],"[{'title': 'Живите сейчас — платите потом', 'color': '#e94200', 'link': ''}, {'title': 'Квартиры с ключами', 'color': '#2e2e31', 'link': ''}]",[],,320.0,,,,,,
6050c6c4cb6cdb4761623f87,Олимп,olimp,https://fsk-uploads.hb.bizmrg.com/production/5dd4f291cfd5e_b7d270e6d3f1fab839b39e0880b91b56.jpg,https://fsk-uploads.hb.bizmrg.com/production/5f3e62bdd1d91_b7d270e6d3f1fab839b39e0880b91b56.jpg,3,https://fsk-uploads.hb.bizmrg.com/production/1672412129000-b7d25495745368957cdeccde2dec1a08.png,https://fsk-uploads.hb.bizmrg.com/production/1726653895168-ee3d07ba798b0f73a2f4ce10b6dcfcbd.svg,['FSK'],4802860,14288694,37.5,92.0,0.0,0.0,94,45,65,0,1446,0,1,1,['LIVING'],"[36.566419671363164, 55.12439482338379]","[1, 2, 3]",2021-01-28T21:00:00.000Z,2026-09-29T21:00:00.000Z,"[0, 1, 3]","[{'title': 'Квартира с большой ванной комнатой'}, {'title': 'Квартира с увеличенным числом окон'}]",0,"[20, 22, 24, 25]",[0],8,[],"[{'title': 'Внесите больше — платите меньше', 'color': '#e94200', 'link': ''}, {'title': 'Старт продаж нового корпуса', 'color': '#2E2E31FF', 'link': ''}]",[],,260.0,,,,,,
6050c6c4cb6cdb4761623f71,Дружба,druzhba,https://fsk-uploads.hb.bizmrg.com/production/621dd7678ef4a_098dcbba1d9265d653914d51748a3c7c.jpg,https://fsk-uploads.hb.bizmrg.com/production/621dd70f9629a_098dcbba1d9265d653914d51748a3c7c.jpg,3,https://fsk-uploads.hb.bizmrg.com/production/1672413058915-3f601c1a8ca892dab9c11175a034b5e7.png,https://fsk-uploads.hb.bizmrg.com/production/1726652508666-aba3a6df2a671e44b4025bb653acdfaf.svg,['FSK'],4573952,5548251,51.2,65.5,0.0,0.0,2,2,0,0,0,0,1,1,['LIVING'],"[36.31502218742624, 54.56878872221993]","[1, 2]",2023-07-26T21:00:00.000Z,2023-07-26T21:00:00.000Z,[0],"[{'title': 'Квартира с увеличенным числом окон'}, {'title': 'Квартира европейского формата'}, {'title': 'Квартира с большой ванной комнатой'}]",0,"[14, 4, 8]",[0],2,[],"[{'title': 'Живите сейчас — платите потом', 'color': '#e94200', 'link': ''}, {'title': 'Квартиры с ключами', 'color': '#2E2E31', 'link': ''}]",[],,272.0,,,,,,
6050c6c4cb6cdb4761623fc1,ЖК «Западное Кунцево»,zk-zapadnoe-kuncevo,https://fsk-uploads.hb.bizmrg.com/production/1689591962750-e5a5e42cb79f148f4cec5eda16bdeaa4.jpg,,0,https://fsk-uploads.hb.bizmrg.com/production/5a31a1d8dc1b7_29e8972145a4b39e0362015bf6aedf48.jpg,,['FSK'],0,0,0.0,0.0,0.0,0.0,0,0,0,0,289,0,1,1,[],,[],,,[],[],0,[],[],0,"['HIDE_IN_EXPORT', 'ARCHIVE', 'HIDE_ON_INDEX']",[],[],,,,,,,,2015.0
6050c6c4cb6cdb4761623fbb,Пушкинский,pushkinskij,https://fsk-uploads.hb.bizmrg.com/production/5c3869a6738bb_36c2f1ad651425e1ed5dc7a931762a1c.jpg,https://fsk-uploads.hb.bizmrg.com/production/6165587bc69a5_d5e4dc1c5425e896abd00d7c0a7bfd45.jpg,2,https://fsk-uploads.hb.bizmrg.com/production/5a31a1d8dc1b7_29e8972145a4b39e0362015bf6aedf48.jpg,,['FSK'],0,0,0.0,0.0,0.0,0.0,0,0,0,0,0,0,1,1,['LIVING'],"[30, 59]",[],,,[],[],0,[],[],0,[],[],[],,,,,,,,
63114078de1169fe5da43ea4,Zoom Черная речка ,zoom-river,https://fsk-uploads.hb.bizmrg.com/production/6310fa9c7256c_a4dfd00c035da7f1a0dba74f32943504.jpg,https://fsk-uploads.hb.bizmrg.com/production/6310fa9cc204b_1475f57d326bcf2caed5601e50dd610a.jpg,2,https://fsk-uploads.hb.bizmrg.com/production/5a31a1d8dc1b7_29e8972145a4b39e0362015bf6aedf48.jpg,,['FSK'],0,0,0.0,0.0,0.0,0.0,0,0,0,0,0,0,1,1,['LIVING'],"[30, 59]",[],,,[],[],0,[],[],0,[],[],[],,,,,,,,
631291f8de1169fe5ddda9c2,Zoom на Неве,zoom-na-neve,https://fsk-uploads.hb.bizmrg.com/production/1676007278637-8850a39b6f1c1e87a8d8ef4b1239eef6.png,https://fsk-uploads.hb.bizmrg.com/production/6311f7ccbbdeb_e7ad0b5084049906cdbcf13c322f3c1c.jpg,2,,,['FSK'],0,0,0.0,0.0,0.0,0.0,0,0,0,0,0,0,1,1,['LIVING'],"[30, 59]",[],,,[],[],0,,[],0,[],[],[],,,,,,,,
6050c6c4cb6cdb4761623f9b,Best Western Zoom Hotel,zoom_apart,https://fsk-uploads.hb.bizmrg.com/production/607563c54fcb4_020c554667cc6694407735bf4dd55d5c.jpg,https://fsk-uploads.hb.bizmrg.com/production/616558269d7b5_bf0f85d0302cb34c9ad22c1ee37d1348.jpg,2,https://fsk-uploads.hb.bizmrg.com/production/5a31a1d8dc1b7_29e8972145a4b39e0362015bf6aedf48.jpg,,['FSK'],0,0,0.0,0.0,0.0,0.0,0,0,0,0,0,0,1,1,,"[30, 59]",[],,,[],[],0,,[],0,"['ARCHIVE', 'HIDE_IN_EXPORT', 'HIDE_ON_INDEX', 'HIDE_ON_LIST']",[],[],,,,,,,,
6050c6c4cb6cdb4761623fdf,UP-квартал «Светлановский»,svetlanovskiy,https://fsk-uploads.hb.bizmrg.com/production/5a5c7a5d05b41_ac559c14d15f49336e2757b4f4dc86df.jpg,https://fsk-uploads.hb.bizmrg.com/production/6165586320d8a_0bd3b8478f2aa72f9333fe4a0d06d959.jpg,2,https://fsk-uploads.hb.bizmrg.com/production/5a31a1d8dc1b7_29e8972145a4b39e0362015bf6aedf48.jpg,,['FSK'],0,0,0.0,0.0,0.0,0.0,0,0,0,0,0,0,1,1,[],"[30, 60]",[],,,[],[],0,[],[],0,"['ARCHIVE', 'HIDE_IN_EXPORT', 'HIDE_ON_INDEX', 'HIDE_ON_LIST']",[],[],,,,,,,,
6050c6c4cb6cdb4761623fab,UP-квартал «Московский»,moskovskiy,https://fsk-uploads.hb.bizmrg.com/production/5a5c7af7197bf_545b3f3523e6014419c5a59ebea4baf5.jpg,https://fsk-uploads.hb.bizmrg.com/production/6165584f1f53f_2363e7a4d3c09e16699e456fb71b61a7.jpg,2,https://fsk-uploads.hb.bizmrg.com/production/5a31a1d8dc1b7_29e8972145a4b39e0362015bf6aedf48.jpg,,['FSK'],0,0,0.0,0.0,0.0,0.0,0,0,0,0,0,0,1,1,[],"[30, 59]",[],,,[],[],0,[],[],0,"['ARCHIVE', 'HIDE_IN_EXPORT', 'HIDE_ON_INDEX', 'HIDE_ON_LIST']",[],[],,,,,,,,
6050c6c4cb6cdb4761623fe1,UP-квартал «Комендантский»,komendantskiy,https://fsk-uploads.hb.bizmrg.com/production/5a5c7b4de58f1_f3223b1d5fcbf8eea13882fd5d80c517.jpg,https://fsk-uploads.hb.bizmrg.com/production/61655870acac1_069b087fedab3b215c1a9544c8ac9bd0.jpg,2,https://fsk-uploads.hb.bizmrg.com/production/5a31a1d8dc1b7_29e8972145a4b39e0362015bf6aedf48.jpg,,['FSK'],0,0,0.0,0.0,0.0,0.0,0,0,0,0,0,0,1,1,[],"[30, 60]",[],,,[],[],0,[],[],0,"['ARCHIVE', 'HIDE_IN_EXPORT', 'HIDE_ON_INDEX', 'HIDE_ON_LIST']",[],[],,,,,,,,
6437eba92495bb67ad419921,Новый Московский,noviy-moskovskiy,https://fsk-uploads.hb.bizmrg.com/production/1681386388800-f3ccdd27d2000e3f9255a7e3e2c48800.jpg,https://fsk-uploads.hb.bizmrg.com/production/1681386398283-f3ccdd27d2000e3f9255a7e3e2c48800.jpg,2,,,['FSK'],0,0,0.0,0.0,0.0,0.0,0,0,0,0,0,0,1,1,['LIVING'],"[30.495078792352, 59.75101790122]",[],,,[],[],0,[],[],0,['ARCHIVE'],[],[],,,,,,,,
649eebefb03f2c19eb941f48,Флагман Владивосток,flagman-vlad,https://fsk-uploads.hb.bizmrg.com/production/1689592104130-6aff1d1708c11f1f20a432a6a7370438.jpg,https://fsk-uploads.hb.bizmrg.com/production/1706864761583-79db8c5b569529f0b681670d7f24697d.jpg,5,,,['FSK'],5391804,18170449,25.4,122.4,0.0,0.0,108,0,0,0,614,9,1,1,['LIVING'],"[131.9482202539672, 43.16515377083225]","[0, 1, 2, 3, 4]",2026-03-30T21:00:00.000Z,2026-03-30T21:00:00.000Z,[3],"[{'title': 'Вид на торговые павильоны, парковку'}, {'title': 'Квартира с балконом'}, {'title': 'Квартира с двумя балконами'}, {'title': 'Квартира с гардеробной'}, {'title': 'Вид в корпус'}]",0,"[12, 22, 24]","[0, 7]",4,['SHOW_TRAITS'],[],[],,,,,,,,
658c303119d33d63a4c00b86,ФоРест,forest,https://fsk-uploads.hb.bizmrg.com/production/1708520007776-5de25b9315eb5202c2de93497c4c2d06.jpg,https://fsk-uploads.hb.bizmrg.com/production/1708520018367-5de25b9315eb5202c2de93497c4c2d06.jpg,6,,,['FSK'],4529494,11088679,26.4,95.52,0.0,0.0,94,0,0,0,344,0,1,1,['LIVING'],"[48.77686804598141, 55.83322171777062]","[0, 1, 2, 3, 4]",2025-12-20T21:00:00.000Z,2026-03-19T21:00:00.000Z,[3],"[{'title': 'Квартира с отдельным входом на первом этаже'}, {'title': 'Квартира с антресолью'}, {'title': 'Квартира со вторым светом'}]",0,"[4, 5, 6, 7]","[0, 7]",6,['SHOW_TRAITS'],[],[],,,,,,,,
65f2b3119ddb19ffd7b055bb,Философия,philosophiya,https://fsk-uploads.hb.bizmrg.com/production/1710424391371-7e204a53f58290d4b271404996fc8f7b.jpg,https://fsk-uploads.hb.bizmrg.com/production/1710424435165-56247d629d82d222ad8fd93f717359d4.jpg,5,,,['FSK'],8569488,35591215,26.5,125.1,0.0,0.0,239,0,34,0,400,1,2,2,['LIVING'],"[131.90507271887088, 43.12176528249865]","[0, 1, 2, 3, 4]",2027-03-30T21:00:00.000Z,2027-03-30T21:00:00.000Z,[3],[],0,"[10, 14, 23]","[0, 7]",5,['SHOW_TRAITS'],[],[],,,,,,,,
66b4caa267c9a706b3791107,Фриссон,frisson,https://fsk-uploads.hb.bizmrg.com/production/1723146344323-0ba4ef5fdd899991edbe0cadaacec91b.jpg,https://fsk-uploads.hb.bizmrg.com/production/1723146353122-0ba4ef5fdd899991edbe0cadaacec91b.jpg,6,https://fsk-uploads.hb.bizmrg.com/production/1723146230379-5cfc445e59cdd91a13e0855ccddb4fa2.png,,['FSK'],8515980,21562555,27.3,97.0,0.0,0.0,104,0,0,0,239,4,2,2,['LIVING'],"[49.146248557182055, 55.7624528625493]","[0, 1, 2, 3, 4]",2027-06-29T21:00:00.000Z,2027-06-29T21:00:00.000Z,[3],[],0,"[14, 19, 20, 7, 8]","[0, 7]",3,['SHOW_TRAITS'],[],[],,,,,,,,
67c5966a881b972380d03259,Фордевинд,fordevind,https://fsk-uploads.hb.bizmrg.com/production/1741001029541-bcfccaec1534be9738c5945a6fb4d00a.png,https://fsk-uploads.hb.bizmrg.com/production/1741001059383-8ef8a3b6eccf6c53bac559b9de4f1f0d.png,7,https://fsk-uploads.hb.bizmrg.com/production/1741001014095-131cec6fa9023619c9c29592f97abcb8.png,https://fsk-uploads.hb.bizmrg.com/production/1741000886885-131cec6fa9023619c9c29592f97abcb8.png,['FSK'],0,0,0.0,0.0,0.0,0.0,0,0,0,0,0,0,2,2,"['LIVING', 'COMMERCE']",,[],1970-01-01T00:00:00.000Z,1970-01-01T00:00:00.000Z,[],[],0,"[3, 20]","[0, 1]",6,['SHOW_TRAITS'],[],[],,490.0,67c5d601176b3da0ce273204,https://fsk-uploads.hb.bizmrg.com/production/1741001592724-ea9710fa0063c63805ad0165b75bb16a.png,67c5d601176b3da0ce273205,https://fsk-uploads.hb.bizmrg.com/production/1741001601865-e2177f839c37c7406fa11a623683f5c3.png,,
